transaction_id,transaction_holder_name,timestamp,transaction_holder_email,transaction_holder_phn_no,amount,,,,,,,,,,,,,,,,,,,,,,,,,,,,,,,,,,,,,,,,,,,,,,,,,,,,,,,,,,,,,,,,,,,,,,,
1,Jayashree,12-05-2019  01:35:59,jayashree@gmail.com,9087654321,1200,,,,,,,,,,,,,,,,,,,,,,,,,2233445567,1200,,,,,,,,,,,,,,,,,,,,,,,,,,,,,,,,,,,,,,,,,,,,,
2,Ramya,11-04-2019 01:39:34,ramya@gmail.com,1122334455,2000,,,,,,,,,,,,,,,,,,,,,,,,,,,,,,2500,,,,,,,,,,,,,,,,,,,,,,,,,,,,,,,,,,,,,,,,,2400
3,SruthiVala,10-06-2019 12:34:57,sruthi@gmail.com,9876324516,4000,,,,,,,,,,,,,,,,,,,,,,,,,,,,,,,,,,,,,,,,,,,,,,,,,,,,,,,,,,,,,,,,,,,,,,,
4,Anupama,12-09-2018 03:32:27,anupama@gmail.com,7786459012,6000,,,,,,,,,,,,,,,,,,,,,,,,,,,,,,,,,,,,,,,,,,,,,,,,,,,,,,,,,,,,,,,,,,,,,,,
5,Jyothi,30-04-2018 12:45:23,jyothi@gmail.com,9019045627,18000,,,,,,,,,,,,,,,,,,,,,,,,,,,,,,,,,,,,,,,,,,,,,,,,,,,,,,,,,,,,,,,,,,,,,,,
6,Raveena,14-02-2018 04:56:56,raveena@gmail.com,9034567145,2000,,,,,,,,,,,,,,,,,,,,,,,,,,,,,,,,,,,,,,,,,,,,,,,,,,,,,,,,,,,,,,,,,,,,,,,
7,Kruthika,23-12-2018 04:35:23,kruthika@gmail.com,9345621785,35000,,,,,,,,,,,,,,,,,,,,,,,,,,,,,,,,,,,,,,,,,,,,,,,,,,,,,,,,,,,,,,,,,,,,,,,
8,Mahadev,21-05-2018 06:32:12,mahadev@gmail.com,8790453218,40000,,,,,,,,,,,,,,,,,,,,,,,,,,,,,,,,,,,,,,,,,,,,,,,,,,,,,,,,,,,,,,,,,,,,,,,
9,Santhosh,12-05-2018 05:45:23,santhosh@gmail.com,8765490123,35000,,,,,,,,,,,,,,,,,,,,,,,,,,,,,,,,,,,,,,,,,,,,,,,,,,,,,,,,,,,,,,,,,,,,,,,
10,Ranjeeth,12-06-2018 05:32:32,ranjeeth@gmail.com,9123567812,20000,,,,,,,,,,,,,,,,,,,,,,,,,,,,,,,,,,,,,,,,,,,,,,,,,,,,,,,,,,,,,,,,,,,,,,,
